final_equity,total_return_pct,cagr,sharpe_ratio,sortino_ratio,calmar_ratio,profit_factor,win_rate,max_drawdown,equity_curve,params,segment
16282.92560719899,62.82925607198989,0.507272840941251,1.805327848127953,2.413411816514393,4.242838057918734,3.561921481613197,73.33333333333333,-0.11955979323662586,"Date
2019-03-15    10000.000000
2019-03-18    10000.000000
2019-03-19    10000.000000
2019-03-20    10000.000000
2019-03-21    10000.000000
                  ...     
2020-05-18    16082.257182
2020-05-19    15989.322976
2020-05-20    16300.285373
2020-05-21    16178.758990
2020-05-22    16282.925607
Length: 301, dtype: float64","{'window': 15, 'num_std': 2}",1
10697.314576846653,6.973145768466529,0.058369576736519546,0.27734781700239153,0.34201895079523864,0.3043587698049761,1.3167466397177943,77.27272727272727,-0.19177885616347118,"Date
2020-05-26    10000.000000
2020-05-27    10000.000000
2020-05-28    10000.000000
2020-05-29    10000.000000
2020-06-01    10000.000000
                  ...     
2021-07-28    10524.545000
2021-07-29    10572.454206
2021-07-30    10588.427341
2021-08-02    10563.743544
2021-08-03    10697.314577
Length: 301, dtype: float64","{'window': 15, 'num_std': 1.5}",2
9485.820725172147,-5.14179274827853,-0.043452636907742814,-0.3388286494397965,-0.1953875897375427,-0.28148338940265644,0.8041618677164925,57.14285714285714,-0.15437016372424262,"Date
2021-08-04    10000.000000
2021-08-05    10000.000000
2021-08-06    10000.000000
2021-08-09    10000.000000
2021-08-10    10000.000000
                  ...     
2022-10-06     9485.820725
2022-10-07     9485.820725
2022-10-10     9485.820725
2022-10-11     9485.820725
2022-10-12     9485.820725
Length: 301, dtype: float64","{'window': 15, 'num_std': 2}",3
12364.586848720432,23.645868487204318,0.1950857990918684,1.0509893262058148,1.5771598452265694,0.9245779968969008,1.9336578602872667,81.25,-0.21099982883717958,"Date
2022-10-13    10000.000000
2022-10-14    10000.000000
2022-10-17    10000.000000
2022-10-18    10000.000000
2022-10-19    10000.000000
                  ...     
2023-12-18    12510.842996
2023-12-19    12577.901920
2023-12-20    12443.143301
2023-12-21    12433.562191
2023-12-22    12364.586849
Length: 301, dtype: float64","{'window': 15, 'num_std': 1.5}",4
